,steps,agents,dlt,mean,max,min
0,10,1000,iota,6104.763806533813,6559.023997306824,5432.058111906052
