,steps,agents,dlt,mean,max,min
0,2,500,iota,3116.5458887815475,3293.6233060359955,2939.4684715270996
1,2,1000,iota,5610.71769452095,5794.560437917709,5426.874951124191
