,steps,agents,dlt,mean,max,min
0,2,2000,iota,10905.268987059593,11465.635502815247,10344.90247130394
