,steps,agents,dlt,mean,max,min
0,2,1000,blockchain,12.315037846565247,13.545225620269775,11.084850072860718
1,2,2000,blockchain,23.229731917381287,23.28271746635437,23.176746368408203
2,2,3000,blockchain,35.58236825466156,37.319252252578735,33.845484256744385
3,4,1000,blockchain,10.89624696969986,11.0196692943573,10.734501361846924
4,4,2000,blockchain,22.367676377296448,22.879491090774536,21.865167140960693
5,4,3000,blockchain,34.13163214921951,35.77820444107056,33.31265664100647
6,8,1000,blockchain,11.09497219324112,12.67002272605896,10.73530626296997
7,8,2000,blockchain,22.38455691933632,23.177748680114746,21.71781635284424
8,8,3000,blockchain,34.58540549874306,35.5752854347229,33.22395706176758
