,steps,agents,dlt,mean,max,min
0,1,1000000,blockchain,265591.0740225315,265591.0740225315,265591.0740225315
