,steps,agents,dlt,mean,max,min
0,10,1000,iota,5661.71495859623,5782.797678947449,5142.6745800971985
