,steps,agents,dlt,mean,max,min
0,1,100,iota,544.7399790287018,544.7399790287018,544.7399790287018
