,steps,agents,dlt,mean,max,min
0,2,2000,iota,10995.797096848488,11550.401164531708,10441.193029165268
