,steps,agents,dlt,mean,max,min
0,1,500000,blockchain,69465.78524136543,69465.78524136543,69465.78524136543
