,steps,agents,dlt,mean,max,min
0,30,1000,iota,6322.9199799060825,7192.936710596085,5863.236816883087
